,column_name,importance
146,adjustedPrice_T6_10P,0.014041809
200,future_eight_week_return_T1_10P,0.013869701
145,adjustedPrice_T2_5P,0.013690109
2,volume,0.013056862
0,lastTradePriceOnly,0.013016641
12,percebtChangeFrom52WeekHigh,0.0092031285
15,allordchange,0.009074047
144,adjustedPrice_T1P,0.00876818
14,allordpreviousclose,0.008564269
13,percentChangeFrom52WeekLow,0.008181701
7,changeInPercent,0.008114355
201,future_eight_week_return_T1_20P,0.008090035
35,FXRUSD,0.0077037266
147,adjustedPrice_T11_20P,0.0074970094
156,FXRUSD_T1P,0.0073445435
19,allordpercentChangeFrom52WeekLow,0.0072771967
18,allordpercebtChangeFrom52WeekHigh,0.007075156
157,FXRUSD_T2_5P,0.0069526224
158,FXRUSD_T6_10P,0.006461552
1,adjustedPrice,0.006348372
149,allordpreviousclose_T2_5P,0.0062146136
263,value__ar_coefficient__k_10__coeff_4,0.00618094
159,FXRUSD_T11_20P,0.006149138
262,value__ar_coefficient__k_10__coeff_3,0.006063083
261,value__ar_coefficient__k_10__coeff_2,0.006045311
11,changeFrom52WeekLow,0.005768441
150,allordpreviousclose_T6_10P,0.0057216724
255,value__approximate_entropy__m_2__r_0.3,0.005544887
444,value__energy_ratio_by_chunks__num_segments_10__segment_focus_4,0.005492506
243,"value__agg_linear_trend__f_agg_""var""__chunk_len_10__attr_""rvalue""",0.0054588327
6,change,0.0053344285
260,value__ar_coefficient__k_10__coeff_1,0.0052801766
445,value__energy_ratio_by_chunks__num_segments_10__segment_focus_5,0.0052249897
151,allordpreviousclose_T11_20P,0.0052044117
251,"value__agg_linear_trend__f_agg_""var""__chunk_len_5__attr_""rvalue""",0.005172609
204,"value__agg_autocorrelation__f_agg_""median""",0.004996759
148,allordpreviousclose_T1P,0.004973375
127,twenty_six_week_price_return,0.0048751608
254,value__approximate_entropy__m_2__r_0.1,0.0048302626
205,"value__agg_autocorrelation__f_agg_""var""",0.004771334
672,value__partial_autocorrelation__lag_8,0.0047638514
203,"value__agg_autocorrelation__f_agg_""mean""",0.00476011
667,value__partial_autocorrelation__lag_3,0.0047385963
666,value__partial_autocorrelation__lag_2,0.0047245654
57,one_week_std,0.0047011813
670,value__partial_autocorrelation__lag_6,0.0046862154
673,value__partial_autocorrelation__lag_9,0.004677797
443,value__energy_ratio_by_chunks__num_segments_10__segment_focus_3,0.004664702
277,value__binned_entropy__max_bins_10,0.004621675
256,value__approximate_entropy__m_2__r_0.5,0.0046113855
671,value__partial_autocorrelation__lag_7,0.0046010963
202,future_eight_week_return_T1_40P,0.004564617
101,eight_week_price_return,0.00455994
668,value__partial_autocorrelation__lag_4,0.004534685
446,value__energy_ratio_by_chunks__num_segments_10__segment_focus_6,0.0045187837
264,"value__augmented_dickey_fuller__attr_""pvalue""",0.004449566
669,value__partial_autocorrelation__lag_5,0.004298036
199,H05_GLFSEPTPOP_T11_20P,0.0042372365
675,value__skewness,0.0042316243
28,AINTCOV,0.0041016075
674,value__sample_entropy,0.0040838355
21,asxchange,0.0039407234
41,GRCPBMAD,0.003934176
683,quoteDate_DAY,0.0039285636
656,value__kurtosis,0.0039079855
257,value__approximate_entropy__m_2__r_0.7,0.0038846012
183,GRCPBMAD_T11_20P,0.0038621523
16,allorddayshigh,0.0038228666
37,GRCPAIAD,0.0038004178
43,GRCPRCAD,0.0036863023
258,value__approximate_entropy__m_2__r_0.9,0.0036816255
442,value__energy_ratio_by_chunks__num_segments_10__segment_focus_2,0.0036573058
25,asxpercentChangeFrom52WeekLow,0.003655435
45,H01_GGDPCVGDPFY,0.0036488874
450,"value__fft_aggregated__aggtype_""centroid""",0.0036376629
191,GRCPRCAD_T11_20P,0.0036011834
3,daysHigh,0.003574993
468,"value__fft_coefficient__coeff_16__attr_""imag""",0.003574993
447,value__energy_ratio_by_chunks__num_segments_10__segment_focus_7,0.003557221
470,"value__fft_coefficient__coeff_17__attr_""imag""",0.003534772
381,"value__cwt_coefficients__widths_(2, 5, 10, 20)__coeff_0__w_2",0.0035179353
401,"value__cwt_coefficients__widths_(2, 5, 10, 20)__coeff_14__w_2",0.0034926801
441,value__energy_ratio_by_chunks__num_segments_10__segment_focus_1,0.003487068
543,"value__fft_coefficient__coeff_4__attr_""real""",0.0034749082
259,value__ar_coefficient__k_10__coeff_0,0.0034674252
385,"value__cwt_coefficients__widths_(2, 5, 10, 20)__coeff_10__w_2",0.0034608776
440,value__energy_ratio_by_chunks__num_segments_10__segment_focus_0,0.0034562007
472,"value__fft_coefficient__coeff_18__attr_""imag""",0.003449653
466,"value__fft_coefficient__coeff_15__attr_""imag""",0.00344217
207,"value__agg_linear_trend__f_agg_""max""__chunk_len_10__attr_""rvalue""",0.0034384287
429,"value__cwt_coefficients__widths_(2, 5, 10, 20)__coeff_7__w_2",0.0033897893
389,"value__cwt_coefficients__widths_(2, 5, 10, 20)__coeff_11__w_2",0.0033869832
8,52WeekHigh,0.0033785647
464,"value__fft_coefficient__coeff_14__attr_""imag""",0.0033729526
474,"value__fft_coefficient__coeff_19__attr_""imag""",0.0033729526
565,"value__fft_coefficient__coeff_5__attr_""real""",0.003369211
393,"value__cwt_coefficients__widths_(2, 5, 10, 20)__coeff_12__w_2",0.0033598575
521,"value__fft_coefficient__coeff_3__attr_""real""",0.0033271194
462,"value__fft_coefficient__coeff_13__attr_""imag""",0.0033233778
46,H05_GLFSEPTPOP,0.0032971874
24,asxpercebtChangeFrom52WeekHigh,0.0032728678
460,"value__fft_coefficient__coeff_12__attr_""imag""",0.0032504187
499,"value__fft_coefficient__coeff_2__attr_""real""",0.0032223577
458,"value__fft_coefficient__coeff_11__attr_""imag""",0.0031765243
70,two_week_std,0.003172783
457,"value__fft_coefficient__coeff_10__attr_""real""",0.0031634292
397,"value__cwt_coefficients__widths_(2, 5, 10, 20)__coeff_13__w_2",0.0031634292
448,value__energy_ratio_by_chunks__num_segments_10__segment_focus_8,0.0031409801
433,"value__cwt_coefficients__widths_(2, 5, 10, 20)__coeff_8__w_2",0.0031400449
437,"value__cwt_coefficients__widths_(2, 5, 10, 20)__coeff_9__w_2",0.0031306911
167,GRCPAIAD_T11_20P,0.0031232082
456,"value__fft_coefficient__coeff_10__attr_""imag""",0.0031185313
449,value__energy_ratio_by_chunks__num_segments_10__segment_focus_9,0.0031138544
276,value__autocorrelation__lag_9,0.0030988886
278,"value__change_quantiles__f_agg_""mean""__isabs_False__qh_0.2__ql_0.0",0.0030942117
47,MarketCap,0.0030829872
36,Float,0.0030633444
272,value__autocorrelation__lag_5,0.0030633444
609,"value__fft_coefficient__coeff_7__attr_""real""",0.0030558615
459,"value__fft_coefficient__coeff_11__attr_""real""",0.0030455722
153,asxpreviousclose_T2_5P,0.0030287355
425,"value__cwt_coefficients__widths_(2, 5, 10, 20)__coeff_6__w_2",0.0030221879
587,"value__fft_coefficient__coeff_6__attr_""real""",0.0030137696
231,"value__agg_linear_trend__f_agg_""min""__chunk_len_10__attr_""rvalue""",0.0029941269
171,GRCPAISAD_T11_20P,0.002992256
631,"value__fft_coefficient__coeff_8__attr_""real""",0.0029548411
296,"value__change_quantiles__f_agg_""mean""__isabs_False__qh_0.8__ql_0.6",0.0029314568
461,"value__fft_coefficient__coeff_12__attr_""real""",0.002922103
469,"value__fft_coefficient__coeff_16__attr_""real""",0.002911814
268,value__autocorrelation__lag_1,0.0029080724
302,"value__change_quantiles__f_agg_""mean""__isabs_False__qh_1.0__ql_0.8",0.0029033958
283,"value__change_quantiles__f_agg_""mean""__isabs_False__qh_0.4__ql_0.0",0.0028846883
38,GRCPAISAD,0.002871593
154,asxpreviousclose_T6_10P,0.0028678516
126,twenty_six_week_price_change,0.0028510147
155,asxpreviousclose_T11_20P,0.0028304367
275,value__autocorrelation__lag_8,0.002816406
219,"value__agg_linear_trend__f_agg_""mean""__chunk_len_10__attr_""rvalue""",0.0028154708
653,"value__fft_coefficient__coeff_9__attr_""real""",0.0028145353
284,"value__change_quantiles__f_agg_""mean""__isabs_False__qh_0.4__ql_0.2",0.0027948925
383,"value__cwt_coefficients__widths_(2, 5, 10, 20)__coeff_0__w_5",0.0027677666
727,symbol_encoded,0.0027677666
289,"value__change_quantiles__f_agg_""mean""__isabs_False__qh_0.6__ql_0.2",0.0027481238
465,"value__fft_coefficient__coeff_14__attr_""real""",0.002733158
290,"value__change_quantiles__f_agg_""mean""__isabs_False__qh_0.6__ql_0.4",0.0027303519
295,"value__change_quantiles__f_agg_""mean""__isabs_False__qh_0.8__ql_0.4",0.002725675
652,"value__fft_coefficient__coeff_9__attr_""imag""",0.0027107089
463,"value__fft_coefficient__coeff_13__attr_""real""",0.0027004199
244,"value__agg_linear_trend__f_agg_""var""__chunk_len_10__attr_""slope""",0.0026667465
630,"value__fft_coefficient__coeff_8__attr_""imag""",0.0026573928
467,"value__fft_coefficient__coeff_15__attr_""real""",0.0026396208
608,"value__fft_coefficient__coeff_7__attr_""imag""",0.0026209133
215,"value__agg_linear_trend__f_agg_""max""__chunk_len_5__attr_""rvalue""",0.002600335
83,four_week_std,0.002600335
479,"value__fft_coefficient__coeff_20__attr_""real""",0.0025863044
564,"value__fft_coefficient__coeff_5__attr_""imag""",0.00256292
477,"value__fft_coefficient__coeff_1__attr_""real""",0.0025582432
451,"value__fft_aggregated__aggtype_""kurtosis""",0.0025488895
471,"value__fft_coefficient__coeff_17__attr_""real""",0.0025348589
30,BookValuePerShareYear,0.0025320528
152,asxpreviousclose_T1P,0.0025264407
273,value__autocorrelation__lag_6,0.0025105393
586,"value__fft_coefficient__coeff_6__attr_""imag""",0.002509604
403,"value__cwt_coefficients__widths_(2, 5, 10, 20)__coeff_14__w_5",0.002487155
271,value__autocorrelation__lag_4,0.0024862196
301,"value__change_quantiles__f_agg_""mean""__isabs_False__qh_1.0__ql_0.6",0.0024843488
453,"value__fft_aggregated__aggtype_""variance""",0.0024806075
48,OperatingMargin,0.0024712537
274,value__autocorrelation__lag_7,0.0024572231
252,"value__agg_linear_trend__f_agg_""var""__chunk_len_5__attr_""slope""",0.0024562876
31,CashPerShareYear,0.0024226143
34,FIRMMCRT,0.002418873
421,"value__cwt_coefficients__widths_(2, 5, 10, 20)__coeff_5__w_2",0.002406713
269,value__autocorrelation__lag_2,0.0024029715
9,52WeekLow,0.0023973593
175,GRCPBCAD_T11_20P,0.0023730395
473,"value__fft_coefficient__coeff_18__attr_""real""",0.0023730395
270,value__autocorrelation__lag_3,0.0023590089
475,"value__fft_coefficient__coeff_19__attr_""real""",0.0023477846
288,"value__change_quantiles__f_agg_""mean""__isabs_False__qh_0.6__ql_0.0",0.0023346893
130,twenty_six_week_total_return,0.0023178526
198,H05_GLFSEPTPOP_T6_10P,0.0023019512
294,"value__change_quantiles__f_agg_""mean""__isabs_False__qh_0.8__ql_0.2",0.0022925977
182,GRCPBMAD_T6_10P,0.0022514411
27,640106_A3597525W,0.0022467643
660,"value__linear_trend__attr_""pvalue""",0.0022243154
250,"value__agg_linear_trend__f_agg_""var""__chunk_len_5__attr_""intercept""",0.0022205738
542,"value__fft_coefficient__coeff_4__attr_""imag""",0.0022168325
209,"value__agg_linear_trend__f_agg_""max""__chunk_len_10__attr_""stderr""",0.0021943834
138,fifty_two_week_comparison_adjustedPrice,0.0021934481
52,TotalDebtToEquityYear,0.0021878358
140,fifty_two_week_price_return,0.0021803528
39,GRCPBCAD,0.0021784822
51,ReturnOnEquityYear,0.0021616453
17,allorddayslow,0.0021616453
135,fifty_two_week_std,0.002125166
122,twenty_six_week_std,0.0021120708
179,GRCPBCSAD_T11_20P,0.002102717
679,exDividendRelative,0.0020999108
655,value__first_location_of_minimum,0.0020961694
300,"value__change_quantiles__f_agg_""mean""__isabs_False__qh_1.0__ql_0.4",0.0020933633
96,eight_week_std,0.0020924278
682,quoteDate_MONTH,0.0020886865
242,"value__agg_linear_trend__f_agg_""var""__chunk_len_10__attr_""intercept""",0.0020755911
379,value__cid_ce__normalize_True,0.0020755911
190,GRCPRCAD_T6_10P,0.0020391117
520,"value__fft_coefficient__coeff_3__attr_""imag""",0.0020334995
684,quoteDate_DAYOFWEEK,0.002025081
33,EPS,0.0020101152
221,"value__agg_linear_trend__f_agg_""mean""__chunk_len_10__attr_""stderr""",0.0020007615
239,"value__agg_linear_trend__f_agg_""min""__chunk_len_5__attr_""rvalue""",0.0019932785
166,GRCPAIAD_T6_10P,0.00198486
498,"value__fft_coefficient__coeff_2__attr_""imag""",0.0019652173
233,"value__agg_linear_trend__f_agg_""min""__chunk_len_10__attr_""stderr""",0.0019530574
680,quoteDate_TIMESTAMP,0.0019530574
399,"value__cwt_coefficients__widths_(2, 5, 10, 20)__coeff_13__w_5",0.0019465098
4,daysLow,0.0018875813
677,value__spkt_welch_density__coeff_5,0.0018782276
10,changeFrom52WeekHigh,0.0018782276
62,one_week_price_return,0.001846425
40,GRCPBCSAD,0.0018454896
100,eight_week_price_change,0.0018352005
309,"value__change_quantiles__f_agg_""mean""__isabs_True__qh_0.4__ql_0.2",0.0018305236
293,"value__change_quantiles__f_agg_""mean""__isabs_False__qh_0.8__ql_0.0",0.0018024625
109,twelve_week_std,0.0017884319
678,value__spkt_welch_density__coeff_8,0.0017884319
104,eight_week_total_return,0.0017800136
163,FIRMMCRT_T11_20P,0.0017556938
315,"value__change_quantiles__f_agg_""mean""__isabs_True__qh_0.6__ql_0.4",0.0017538231
299,"value__change_quantiles__f_agg_""mean""__isabs_False__qh_1.0__ql_0.2",0.0017425986
676,value__spkt_welch_density__coeff_2,0.0017341803
654,value__first_location_of_maximum,0.0017295034
395,"value__cwt_coefficients__widths_(2, 5, 10, 20)__coeff_12__w_5",0.0017192144
658,value__last_location_of_minimum,0.0017079898
170,GRCPAISAD_T6_10P,0.0017042484
227,"value__agg_linear_trend__f_agg_""mean""__chunk_len_5__attr_""rvalue""",0.0016967654
195,H01_GGDPCVGDPFY_T11_20P,0.0016920886
303,"value__change_quantiles__f_agg_""mean""__isabs_True__qh_0.2__ql_0.0",0.0016920886
125,twenty_six_week_comparison_adjustedPrice,0.001640643
657,value__last_location_of_maximum,0.0016144526
321,"value__change_quantiles__f_agg_""mean""__isabs_True__qh_0.8__ql_0.6",0.0016032282
197,H05_GLFSEPTPOP_T2_5P,0.0015583303
265,"value__augmented_dickey_fuller__attr_""teststat""",0.0015162386
327,"value__change_quantiles__f_agg_""mean""__isabs_True__qh_1.0__ql_0.8",0.0014965957
208,"value__agg_linear_trend__f_agg_""max""__chunk_len_10__attr_""slope""",0.0014479563
266,"value__augmented_dickey_fuller__attr_""usedlag""",0.0014311196
20,asxpreviousclose,0.0014273782
5,previousClose,0.0014086707
340,"value__change_quantiles__f_agg_""var""__isabs_False__qh_0.6__ql_0.4",0.0014011877
217,"value__agg_linear_trend__f_agg_""max""__chunk_len_5__attr_""stderr""",0.0014011877
346,"value__change_quantiles__f_agg_""var""__isabs_False__qh_0.8__ql_0.6",0.0014002523
245,"value__agg_linear_trend__f_agg_""var""__chunk_len_10__attr_""stderr""",0.0013796742
452,"value__fft_aggregated__aggtype_""skew""",0.0013740619
407,"value__cwt_coefficients__widths_(2, 5, 10, 20)__coeff_1__w_5",0.0013740619
334,"value__change_quantiles__f_agg_""var""__isabs_False__qh_0.4__ql_0.2",0.0013712558
129,twenty_six_week_dividend_return,0.0013394532
187,GRCPNRAD_T11_20P,0.0013085859
328,"value__change_quantiles__f_agg_""var""__isabs_False__qh_0.2__ql_0.0",0.0012823954
181,GRCPBMAD_T2_5P,0.0012758479
174,GRCPBCAD_T6_10P,0.0012552696
391,"value__cwt_coefficients__widths_(2, 5, 10, 20)__coeff_11__w_5",0.0012543342
371,"value__change_quantiles__f_agg_""var""__isabs_True__qh_0.8__ql_0.6",0.0012496574
58,one_week_bollinger_upper,0.0012440452
165,GRCPAIAD_T2_5P,0.001241239
88,four_week_price_return,0.001238433
75,two_week_price_return,0.0012374975
359,"value__change_quantiles__f_agg_""var""__isabs_True__qh_0.4__ql_0.2",0.0012365622
137,fifty_two_week_bollinger_lower,0.0012272085
142,fifty_two_week_dividend_return,0.0012253377
26,exDividendPayout,0.0012122425
353,"value__change_quantiles__f_agg_""var""__isabs_True__qh_0.2__ql_0.0",0.0012113071
189,GRCPRCAD_T2_5P,0.0012019534
232,"value__agg_linear_trend__f_agg_""min""__chunk_len_10__attr_""slope""",0.0011823106
241,"value__agg_linear_trend__f_agg_""min""__chunk_len_5__attr_""stderr""",0.0011795044
365,"value__change_quantiles__f_agg_""var""__isabs_True__qh_0.6__ql_0.4",0.0011664092
178,GRCPBCSAD_T6_10P,0.0011589263
352,"value__change_quantiles__f_agg_""var""__isabs_False__qh_1.0__ql_0.8",0.0011439604
314,"value__change_quantiles__f_agg_""mean""__isabs_True__qh_0.6__ql_0.2",0.0011271236
298,"value__change_quantiles__f_agg_""mean""__isabs_False__qh_1.0__ql_0.0",0.0011196407
216,"value__agg_linear_trend__f_agg_""max""__chunk_len_5__attr_""slope""",0.0011046748
387,"value__cwt_coefficients__widths_(2, 5, 10, 20)__coeff_10__w_5",0.0010831611
22,asxdayshigh,0.0010812904
320,"value__change_quantiles__f_agg_""mean""__isabs_True__qh_0.8__ql_0.4",0.0010766136
308,"value__change_quantiles__f_agg_""mean""__isabs_True__qh_0.4__ql_0.0",0.0010728721
377,"value__change_quantiles__f_agg_""var""__isabs_True__qh_1.0__ql_0.8",0.0010700659
229,"value__agg_linear_trend__f_agg_""mean""__chunk_len_5__attr_""stderr""",0.0010700659
253,"value__agg_linear_trend__f_agg_""var""__chunk_len_5__attr_""stderr""",0.001032651
194,H01_GGDPCVGDPFY_T6_10P,0.0010289096
220,"value__agg_linear_trend__f_agg_""mean""__chunk_len_10__attr_""slope""",0.0010195558
417,"value__cwt_coefficients__widths_(2, 5, 10, 20)__coeff_4__w_2",0.0010186204
44,H01_GGDPCVGDP,0.0009634335
42,GRCPNRAD,0.00093724305
162,FIRMMCRT_T6_10P,0.0009325662
60,one_week_comparison_adjustedPrice,0.0009297601
112,twelve_week_comparison_adjustedPrice,0.000904505
143,fifty_two_week_total_return,0.00088112074
476,"value__fft_coefficient__coeff_1__attr_""imag""",0.00087457313
240,"value__agg_linear_trend__f_agg_""min""__chunk_len_5__attr_""slope""",0.0008652194
169,GRCPAISAD_T2_5P,0.0008586718
326,"value__change_quantiles__f_agg_""mean""__isabs_True__qh_1.0__ql_0.6",0.00083154597
99,eight_week_comparison_adjustedPrice,0.0008147093
139,fifty_two_week_price_change,0.00080629095
23,asxdayslow,0.0007903896
161,FIRMMCRT_T2_5P,0.00078758347
173,GRCPBCAD_T2_5P,0.00078290666
49,PE,0.00076794066
86,four_week_comparison_adjustedPrice,0.0007604577
55,one_week_mean,0.0007529747
53,one_week_min,0.00074549176
73,two_week_comparison_adjustedPrice,0.00074362097
380,"value__cwt_coefficients__widths_(2, 5, 10, 20)__coeff_0__w_10",0.00073707337
661,"value__linear_trend__attr_""rvalue""",0.00073052576
405,"value__cwt_coefficients__widths_(2, 5, 10, 20)__coeff_1__w_2",0.00071743055
32,DPSRecentYear,0.00070527074
319,"value__change_quantiles__f_agg_""mean""__isabs_True__qh_0.8__ql_0.2",0.00070527074
364,"value__change_quantiles__f_agg_""var""__isabs_True__qh_0.6__ql_0.2",0.000695917
358,"value__change_quantiles__f_agg_""var""__isabs_True__qh_0.4__ql_0.0",0.0006790803
313,"value__change_quantiles__f_agg_""mean""__isabs_True__qh_0.6__ql_0.0",0.00067533884
339,"value__change_quantiles__f_agg_""var""__isabs_False__qh_0.6__ql_0.2",0.00067346805
370,"value__change_quantiles__f_agg_""var""__isabs_True__qh_0.8__ql_0.4",0.0006715973
325,"value__change_quantiles__f_agg_""mean""__isabs_True__qh_1.0__ql_0.4",0.00066785584
133,fifty_two_week_mean,0.000663179
116,twelve_week_dividend_return,0.00065756676
376,"value__change_quantiles__f_agg_""var""__isabs_True__qh_1.0__ql_0.6",0.0006266995
193,H01_GGDPCVGDPFY_T2_5P,0.00061641034
333,"value__change_quantiles__f_agg_""var""__isabs_False__qh_0.4__ql_0.0",0.00060986273
345,"value__change_quantiles__f_agg_""var""__isabs_False__qh_0.8__ql_0.4",0.00060331513
177,GRCPBCSAD_T2_5P,0.00060331513
54,one_week_max,0.0006023798
29,Beta,0.0005958322
65,one_week_total_return,0.00058554305
186,GRCPNRAD_T6_10P,0.0005771247
136,fifty_two_week_bollinger_upper,0.0005397098
665,value__partial_autocorrelation__lag_1,0.0005340976
351,"value__change_quantiles__f_agg_""var""__isabs_False__qh_1.0__ql_0.6",0.0005210024
413,"value__cwt_coefficients__widths_(2, 5, 10, 20)__coeff_3__w_2",0.0005135194
71,two_week_bollinger_upper,0.00049855345
324,"value__change_quantiles__f_agg_""mean""__isabs_True__qh_1.0__ql_0.2",0.0004938766
120,twenty_six_week_mean,0.00049107044
318,"value__change_quantiles__f_agg_""mean""__isabs_True__qh_0.8__ql_0.0",0.0004901351
363,"value__change_quantiles__f_agg_""var""__isabs_True__qh_0.6__ql_0.0",0.0004826521
411,"value__cwt_coefficients__widths_(2, 5, 10, 20)__coeff_2__w_5",0.000479846
375,"value__change_quantiles__f_agg_""var""__isabs_True__qh_1.0__ql_0.4",0.00047891063
124,twenty_six_week_bollinger_lower,0.0004770399
114,twelve_week_price_return,0.00047516913
68,two_week_mean,0.0004732984
369,"value__change_quantiles__f_agg_""var""__isabs_True__qh_0.8__ql_0.2",0.00046020318
409,"value__cwt_coefficients__widths_(2, 5, 10, 20)__coeff_2__w_2",0.00045833245
228,"value__agg_linear_trend__f_agg_""mean""__chunk_len_5__attr_""slope""",0.00044991408
103,eight_week_dividend_return,0.00044710797
98,eight_week_bollinger_lower,0.00044056037
123,twenty_six_week_bollinger_upper,0.00044056037
373,"value__change_quantiles__f_agg_""var""__isabs_True__qh_1.0__ql_0.0",0.000439625
439,"value__cwt_coefficients__widths_(2, 5, 10, 20)__coeff_9__w_5",0.00043494813
368,"value__change_quantiles__f_agg_""var""__isabs_True__qh_0.8__ql_0.0",0.00041811142
118,twenty_six_week_min,0.00040782234
323,"value__change_quantiles__f_agg_""mean""__isabs_True__qh_1.0__ql_0.0",0.00040595158
87,four_week_price_change,0.00040408084
338,"value__change_quantiles__f_agg_""var""__isabs_False__qh_0.6__ql_0.0",0.00040314547
663,"value__linear_trend__attr_""stderr""",0.00039753324
196,H05_GLFSEPTPOP_T1P,0.00039379174
350,"value__change_quantiles__f_agg_""var""__isabs_False__qh_1.0__ql_0.4",0.00038630876
115,twelve_week_dividend_value,0.00038443803
91,four_week_total_return,0.0003816319
131,fifty_two_week_min,0.0003816319
344,"value__change_quantiles__f_agg_""var""__isabs_False__qh_0.8__ql_0.2",0.00038069653
78,two_week_total_return,0.0003788258
374,"value__change_quantiles__f_agg_""var""__isabs_True__qh_1.0__ql_0.2",0.0003750843
185,GRCPNRAD_T2_5P,0.00036198908
435,"value__cwt_coefficients__widths_(2, 5, 10, 20)__coeff_8__w_5",0.00035637684
90,four_week_dividend_return,0.00034889387
61,one_week_price_change,0.0003479585
85,four_week_bollinger_lower,0.00034328163
50,QuoteLast,0.0003348633
97,eight_week_bollinger_upper,0.00033299255
84,four_week_bollinger_upper,0.0003311218
206,"value__agg_linear_trend__f_agg_""max""__chunk_len_10__attr_""intercept""",0.00032270345
267,value__autocorrelation__lag_0,0.00032176808
214,"value__agg_linear_trend__f_agg_""max""__chunk_len_5__attr_""intercept""",0.0003208327
128,twenty_six_week_dividend_value,0.00031989734
74,two_week_price_change,0.00031896197
81,four_week_mean,0.00031522047
94,eight_week_mean,0.00031147897
56,one_week_median,0.0003105436
59,one_week_bollinger_lower,0.00030960824
349,"value__change_quantiles__f_agg_""var""__isabs_False__qh_1.0__ql_0.2",0.0003077375
141,fifty_two_week_dividend_value,0.00030586674
343,"value__change_quantiles__f_agg_""var""__isabs_False__qh_0.8__ql_0.0",0.00030493137
238,"value__agg_linear_trend__f_agg_""min""__chunk_len_5__attr_""intercept""",0.000303996
404,"value__cwt_coefficients__widths_(2, 5, 10, 20)__coeff_1__w_10",0.0003011899
107,twelve_week_mean,0.00029838376
64,one_week_dividend_return,0.00029651303
113,twelve_week_price_change,0.0002946423
230,"value__agg_linear_trend__f_agg_""min""__chunk_len_10__attr_""intercept""",0.0002871593
119,twenty_six_week_max,0.00028341782
132,fifty_two_week_max,0.00028248245
348,"value__change_quantiles__f_agg_""var""__isabs_False__qh_1.0__ql_0.0",0.0002731287
77,two_week_dividend_return,0.00027219334
180,GRCPBMAD_T1P,0.00026938724
431,"value__cwt_coefficients__widths_(2, 5, 10, 20)__coeff_7__w_5",0.00026845187
160,FIRMMCRT_T1P,0.0002665811
110,twelve_week_bollinger_upper,0.00026096887
662,"value__linear_trend__attr_""slope""",0.00025909813
102,eight_week_dividend_value,0.00024974442
188,GRCPRCAD_T1P,0.00024974442
66,two_week_min,0.00024787366
415,"value__cwt_coefficients__widths_(2, 5, 10, 20)__coeff_3__w_5",0.0002469383
164,GRCPAIAD_T1P,0.00024506755
79,four_week_min,0.00023851995
89,four_week_dividend_value,0.00023571383
92,eight_week_min,0.0002263601
67,two_week_max,0.00022168324
72,two_week_bollinger_lower,0.00021794175
105,twelve_week_min,0.00021513563
63,one_week_dividend_value,0.00021420026
134,fifty_two_week_median,0.00020765266
218,"value__agg_linear_trend__f_agg_""mean""__chunk_len_10__attr_""intercept""",0.00020671729
80,four_week_max,0.00018613909
168,GRCPAISAD_T1P,0.00018520372
408,"value__cwt_coefficients__widths_(2, 5, 10, 20)__coeff_2__w_10",0.00017865612
400,"value__cwt_coefficients__widths_(2, 5, 10, 20)__coeff_14__w_10",0.00017491462
384,"value__cwt_coefficients__widths_(2, 5, 10, 20)__coeff_10__w_10",0.00016743164
117,twelve_week_total_return,0.00015994867
76,two_week_dividend_value,0.00015807792
111,twelve_week_bollinger_lower,0.00015340107
106,twelve_week_max,0.00015246568
69,two_week_median,0.00015246568
427,"value__cwt_coefficients__widths_(2, 5, 10, 20)__coeff_6__w_5",0.00015153032
419,"value__cwt_coefficients__widths_(2, 5, 10, 20)__coeff_4__w_5",0.0001487242
121,twenty_six_week_median,0.00014685346
423,"value__cwt_coefficients__widths_(2, 5, 10, 20)__coeff_5__w_5",0.00014591808
192,H01_GGDPCVGDPFY_T1P,0.00014311196
455,"value__fft_coefficient__coeff_0__attr_""real""",0.00014124122
396,"value__cwt_coefficients__widths_(2, 5, 10, 20)__coeff_13__w_10",0.00014124122
382,"value__cwt_coefficients__widths_(2, 5, 10, 20)__coeff_0__w_20",0.00014030584
93,eight_week_max,0.0001384351
226,"value__agg_linear_trend__f_agg_""mean""__chunk_len_5__attr_""intercept""",0.00013656435
392,"value__cwt_coefficients__widths_(2, 5, 10, 20)__coeff_12__w_10",0.0001253399
172,GRCPBCAD_T1P,0.0001215984
412,"value__cwt_coefficients__widths_(2, 5, 10, 20)__coeff_3__w_10",0.0001215984
697,four_week_bollinger_type_Above,0.00011879228
388,"value__cwt_coefficients__widths_(2, 5, 10, 20)__coeff_11__w_10",0.000117856915
176,GRCPBCSAD_T1P,0.00011692154
378,value__cid_ce__normalize_False,0.00011692154
416,"value__cwt_coefficients__widths_(2, 5, 10, 20)__coeff_4__w_10",0.00011411542
703,eight_week_bollinger_type_Above,0.000107567816
659,"value__linear_trend__attr_""intercept""",9.073112e-05
420,"value__cwt_coefficients__widths_(2, 5, 10, 20)__coeff_5__w_10",8.886037e-05
428,"value__cwt_coefficients__widths_(2, 5, 10, 20)__coeff_7__w_10",8.886037e-05
424,"value__cwt_coefficients__widths_(2, 5, 10, 20)__coeff_6__w_10",8.605426e-05
700,four_week_bollinger_prediction_Falling,8.511888e-05
95,eight_week_median,8.324814e-05
82,four_week_median,8.324814e-05
386,"value__cwt_coefficients__widths_(2, 5, 10, 20)__coeff_10__w_20",8.324814e-05
699,four_week_bollinger_type_Within,8.231276e-05
698,four_week_bollinger_type_Below,8.044202e-05
432,"value__cwt_coefficients__widths_(2, 5, 10, 20)__coeff_8__w_10",8.044202e-05
108,twelve_week_median,7.576516e-05
709,twelve_week_bollinger_type_Above,7.482978e-05
702,four_week_bollinger_prediction_Steady,7.3894415e-05
436,"value__cwt_coefficients__widths_(2, 5, 10, 20)__coeff_9__w_10",7.202367e-05
712,twelve_week_bollinger_prediction_Falling,7.1088296e-05
706,eight_week_bollinger_prediction_Falling,7.1088296e-05
704,eight_week_bollinger_type_Below,7.015292e-05
707,eight_week_bollinger_prediction_Rising,6.828218e-05
691,two_week_bollinger_type_Above,6.6411434e-05
184,GRCPNRAD_T1P,6.266995e-05
722,fifty_two_week_bollinger_type_Below,6.07992e-05
725,fifty_two_week_bollinger_prediction_Rising,5.986383e-05
701,four_week_bollinger_prediction_Rising,5.7993086e-05
721,fifty_two_week_bollinger_type_Above,5.705771e-05
406,"value__cwt_coefficients__widths_(2, 5, 10, 20)__coeff_1__w_20",5.5186967e-05
708,eight_week_bollinger_prediction_Steady,5.4251595e-05
723,fifty_two_week_bollinger_type_Within,5.4251595e-05
710,twelve_week_bollinger_type_Below,5.3316224e-05
694,two_week_bollinger_prediction_Falling,4.9574734e-05
719,twenty_six_week_bollinger_prediction_Rising,4.8639362e-05
705,eight_week_bollinger_type_Within,4.8639362e-05
715,twenty_six_week_bollinger_type_Above,4.7703987e-05
394,"value__cwt_coefficients__widths_(2, 5, 10, 20)__coeff_12__w_20",4.7703987e-05
713,twelve_week_bollinger_prediction_Rising,4.6768615e-05
726,fifty_two_week_bollinger_prediction_Steady,4.6768615e-05
711,twelve_week_bollinger_type_Within,4.6768615e-05
390,"value__cwt_coefficients__widths_(2, 5, 10, 20)__coeff_11__w_20",4.6768615e-05
720,twenty_six_week_bollinger_prediction_Steady,4.5833243e-05
398,"value__cwt_coefficients__widths_(2, 5, 10, 20)__coeff_13__w_20",4.5833243e-05
692,two_week_bollinger_type_Below,4.5833243e-05
716,twenty_six_week_bollinger_type_Below,4.489787e-05
718,twenty_six_week_bollinger_prediction_Falling,4.302713e-05
714,twelve_week_bollinger_prediction_Steady,4.302713e-05
696,two_week_bollinger_prediction_Steady,4.115638e-05
402,"value__cwt_coefficients__widths_(2, 5, 10, 20)__coeff_14__w_20",4.115638e-05
410,"value__cwt_coefficients__widths_(2, 5, 10, 20)__coeff_2__w_20",3.647952e-05
681,quoteDate_YEAR,3.647952e-05
695,two_week_bollinger_prediction_Rising,3.5544148e-05
693,two_week_bollinger_type_Within,3.4608776e-05
724,fifty_two_week_bollinger_prediction_Falling,3.3673405e-05
717,twenty_six_week_bollinger_type_Within,2.7125798e-05
414,"value__cwt_coefficients__widths_(2, 5, 10, 20)__coeff_3__w_20",1.964282e-05
426,"value__cwt_coefficients__widths_(2, 5, 10, 20)__coeff_6__w_20",1.8707446e-05
418,"value__cwt_coefficients__widths_(2, 5, 10, 20)__coeff_4__w_20",1.4965957e-05
422,"value__cwt_coefficients__widths_(2, 5, 10, 20)__coeff_5__w_20",1.4030585e-05
430,"value__cwt_coefficients__widths_(2, 5, 10, 20)__coeff_7__w_20",1.1224468e-05
438,"value__cwt_coefficients__widths_(2, 5, 10, 20)__coeff_9__w_20",5.612234e-06
434,"value__cwt_coefficients__widths_(2, 5, 10, 20)__coeff_8__w_20",5.612234e-06
603,"value__fft_coefficient__coeff_77__attr_""real""",0.0
604,"value__fft_coefficient__coeff_78__attr_""imag""",0.0
605,"value__fft_coefficient__coeff_78__attr_""real""",0.0
606,"value__fft_coefficient__coeff_79__attr_""imag""",0.0
607,"value__fft_coefficient__coeff_79__attr_""real""",0.0
612,"value__fft_coefficient__coeff_81__attr_""imag""",0.0
613,"value__fft_coefficient__coeff_81__attr_""real""",0.0
616,"value__fft_coefficient__coeff_83__attr_""imag""",0.0
615,"value__fft_coefficient__coeff_82__attr_""real""",0.0
602,"value__fft_coefficient__coeff_77__attr_""imag""",0.0
611,"value__fft_coefficient__coeff_80__attr_""real""",0.0
614,"value__fft_coefficient__coeff_82__attr_""imag""",0.0
610,"value__fft_coefficient__coeff_80__attr_""imag""",0.0
594,"value__fft_coefficient__coeff_73__attr_""imag""",0.0
601,"value__fft_coefficient__coeff_76__attr_""real""",0.0
600,"value__fft_coefficient__coeff_76__attr_""imag""",0.0
581,"value__fft_coefficient__coeff_67__attr_""real""",0.0
582,"value__fft_coefficient__coeff_68__attr_""imag""",0.0
583,"value__fft_coefficient__coeff_68__attr_""real""",0.0
584,"value__fft_coefficient__coeff_69__attr_""imag""",0.0
585,"value__fft_coefficient__coeff_69__attr_""real""",0.0
588,"value__fft_coefficient__coeff_70__attr_""imag""",0.0
589,"value__fft_coefficient__coeff_70__attr_""real""",0.0
590,"value__fft_coefficient__coeff_71__attr_""imag""",0.0
591,"value__fft_coefficient__coeff_71__attr_""real""",0.0
592,"value__fft_coefficient__coeff_72__attr_""imag""",0.0
593,"value__fft_coefficient__coeff_72__attr_""real""",0.0
618,"value__fft_coefficient__coeff_84__attr_""imag""",0.0
595,"value__fft_coefficient__coeff_73__attr_""real""",0.0
596,"value__fft_coefficient__coeff_74__attr_""imag""",0.0
597,"value__fft_coefficient__coeff_74__attr_""real""",0.0
598,"value__fft_coefficient__coeff_75__attr_""imag""",0.0
599,"value__fft_coefficient__coeff_75__attr_""real""",0.0
617,"value__fft_coefficient__coeff_83__attr_""real""",0.0
626,"value__fft_coefficient__coeff_88__attr_""imag""",0.0
619,"value__fft_coefficient__coeff_84__attr_""real""",0.0
651,"value__fft_coefficient__coeff_99__attr_""real""",0.0
644,"value__fft_coefficient__coeff_96__attr_""imag""",0.0
645,"value__fft_coefficient__coeff_96__attr_""real""",0.0
646,"value__fft_coefficient__coeff_97__attr_""imag""",0.0
647,"value__fft_coefficient__coeff_97__attr_""real""",0.0
648,"value__fft_coefficient__coeff_98__attr_""imag""",0.0
649,"value__fft_coefficient__coeff_98__attr_""real""",0.0
650,"value__fft_coefficient__coeff_99__attr_""imag""",0.0
689,one_week_bollinger_prediction_Rising,0.0
642,"value__fft_coefficient__coeff_95__attr_""imag""",0.0
690,one_week_bollinger_prediction_Steady,0.0
579,"value__fft_coefficient__coeff_66__attr_""real""",0.0
688,one_week_bollinger_prediction_Falling,0.0
664,value__partial_autocorrelation__lag_0,0.0
687,one_week_bollinger_type_Within,0.0
686,one_week_bollinger_type_Below,0.0
685,one_week_bollinger_type_Above,0.0
643,"value__fft_coefficient__coeff_95__attr_""real""",0.0
641,"value__fft_coefficient__coeff_94__attr_""real""",0.0
620,"value__fft_coefficient__coeff_85__attr_""imag""",0.0
629,"value__fft_coefficient__coeff_89__attr_""real""",0.0
621,"value__fft_coefficient__coeff_85__attr_""real""",0.0
622,"value__fft_coefficient__coeff_86__attr_""imag""",0.0
623,"value__fft_coefficient__coeff_86__attr_""real""",0.0
624,"value__fft_coefficient__coeff_87__attr_""imag""",0.0
625,"value__fft_coefficient__coeff_87__attr_""real""",0.0
627,"value__fft_coefficient__coeff_88__attr_""real""",0.0
628,"value__fft_coefficient__coeff_89__attr_""imag""",0.0
632,"value__fft_coefficient__coeff_90__attr_""imag""",0.0
640,"value__fft_coefficient__coeff_94__attr_""imag""",0.0
633,"value__fft_coefficient__coeff_90__attr_""real""",0.0
634,"value__fft_coefficient__coeff_91__attr_""imag""",0.0
635,"value__fft_coefficient__coeff_91__attr_""real""",0.0
636,"value__fft_coefficient__coeff_92__attr_""imag""",0.0
637,"value__fft_coefficient__coeff_92__attr_""real""",0.0
638,"value__fft_coefficient__coeff_93__attr_""imag""",0.0
639,"value__fft_coefficient__coeff_93__attr_""real""",0.0
580,"value__fft_coefficient__coeff_67__attr_""imag""",0.0
316,"value__change_quantiles__f_agg_""mean""__isabs_True__qh_0.6__ql_0.6",0.0
578,"value__fft_coefficient__coeff_66__attr_""imag""",0.0
482,"value__fft_coefficient__coeff_22__attr_""imag""",0.0
480,"value__fft_coefficient__coeff_21__attr_""imag""",0.0
223,"value__agg_linear_trend__f_agg_""mean""__chunk_len_50__attr_""rvalue""",0.0
478,"value__fft_coefficient__coeff_20__attr_""imag""",0.0
224,"value__agg_linear_trend__f_agg_""mean""__chunk_len_50__attr_""slope""",0.0
225,"value__agg_linear_trend__f_agg_""mean""__chunk_len_50__attr_""stderr""",0.0
234,"value__agg_linear_trend__f_agg_""min""__chunk_len_50__attr_""intercept""",0.0
235,"value__agg_linear_trend__f_agg_""min""__chunk_len_50__attr_""rvalue""",0.0
236,"value__agg_linear_trend__f_agg_""min""__chunk_len_50__attr_""slope""",0.0
237,"value__agg_linear_trend__f_agg_""min""__chunk_len_50__attr_""stderr""",0.0
246,"value__agg_linear_trend__f_agg_""var""__chunk_len_50__attr_""intercept""",0.0
247,"value__agg_linear_trend__f_agg_""var""__chunk_len_50__attr_""rvalue""",0.0
248,"value__agg_linear_trend__f_agg_""var""__chunk_len_50__attr_""slope""",0.0
249,"value__agg_linear_trend__f_agg_""var""__chunk_len_50__attr_""stderr""",0.0
454,"value__fft_coefficient__coeff_0__attr_""imag""",0.0
279,"value__change_quantiles__f_agg_""mean""__isabs_False__qh_0.2__ql_0.2",0.0
481,"value__fft_coefficient__coeff_21__attr_""real""",0.0
483,"value__fft_coefficient__coeff_22__attr_""real""",0.0
577,"value__fft_coefficient__coeff_65__attr_""real""",0.0
484,"value__fft_coefficient__coeff_23__attr_""imag""",0.0
500,"value__fft_coefficient__coeff_30__attr_""imag""",0.0
222,"value__agg_linear_trend__f_agg_""mean""__chunk_len_50__attr_""intercept""",0.0
497,"value__fft_coefficient__coeff_29__attr_""real""",0.0
496,"value__fft_coefficient__coeff_29__attr_""imag""",0.0
495,"value__fft_coefficient__coeff_28__attr_""real""",0.0
494,"value__fft_coefficient__coeff_28__attr_""imag""",0.0
493,"value__fft_coefficient__coeff_27__attr_""real""",0.0
492,"value__fft_coefficient__coeff_27__attr_""imag""",0.0
491,"value__fft_coefficient__coeff_26__attr_""real""",0.0
490,"value__fft_coefficient__coeff_26__attr_""imag""",0.0
489,"value__fft_coefficient__coeff_25__attr_""real""",0.0
488,"value__fft_coefficient__coeff_25__attr_""imag""",0.0
487,"value__fft_coefficient__coeff_24__attr_""real""",0.0
486,"value__fft_coefficient__coeff_24__attr_""imag""",0.0
485,"value__fft_coefficient__coeff_23__attr_""real""",0.0
280,"value__change_quantiles__f_agg_""mean""__isabs_False__qh_0.2__ql_0.4",0.0
281,"value__change_quantiles__f_agg_""mean""__isabs_False__qh_0.2__ql_0.6",0.0
282,"value__change_quantiles__f_agg_""mean""__isabs_False__qh_0.2__ql_0.8",0.0
372,"value__change_quantiles__f_agg_""var""__isabs_True__qh_0.8__ql_0.8",0.0
304,"value__change_quantiles__f_agg_""mean""__isabs_True__qh_0.2__ql_0.2",0.0
337,"value__change_quantiles__f_agg_""var""__isabs_False__qh_0.4__ql_0.8",0.0
336,"value__change_quantiles__f_agg_""var""__isabs_False__qh_0.4__ql_0.6",0.0
335,"value__change_quantiles__f_agg_""var""__isabs_False__qh_0.4__ql_0.4",0.0
305,"value__change_quantiles__f_agg_""mean""__isabs_True__qh_0.2__ql_0.4",0.0
332,"value__change_quantiles__f_agg_""var""__isabs_False__qh_0.2__ql_0.8",0.0
331,"value__change_quantiles__f_agg_""var""__isabs_False__qh_0.2__ql_0.6",0.0
330,"value__change_quantiles__f_agg_""var""__isabs_False__qh_0.2__ql_0.4",0.0
329,"value__change_quantiles__f_agg_""var""__isabs_False__qh_0.2__ql_0.2",0.0
306,"value__change_quantiles__f_agg_""mean""__isabs_True__qh_0.2__ql_0.6",0.0
307,"value__change_quantiles__f_agg_""mean""__isabs_True__qh_0.2__ql_0.8",0.0
310,"value__change_quantiles__f_agg_""mean""__isabs_True__qh_0.4__ql_0.4",0.0
322,"value__change_quantiles__f_agg_""mean""__isabs_True__qh_0.8__ql_0.8",0.0
311,"value__change_quantiles__f_agg_""mean""__isabs_True__qh_0.4__ql_0.6",0.0
312,"value__change_quantiles__f_agg_""mean""__isabs_True__qh_0.4__ql_0.8",0.0
341,"value__change_quantiles__f_agg_""var""__isabs_False__qh_0.6__ql_0.6",0.0
342,"value__change_quantiles__f_agg_""var""__isabs_False__qh_0.6__ql_0.8",0.0
347,"value__change_quantiles__f_agg_""var""__isabs_False__qh_0.8__ql_0.8",0.0
361,"value__change_quantiles__f_agg_""var""__isabs_True__qh_0.4__ql_0.6",0.0
285,"value__change_quantiles__f_agg_""mean""__isabs_False__qh_0.4__ql_0.4",0.0
367,"value__change_quantiles__f_agg_""var""__isabs_True__qh_0.6__ql_0.8",0.0
366,"value__change_quantiles__f_agg_""var""__isabs_True__qh_0.6__ql_0.6",0.0
286,"value__change_quantiles__f_agg_""mean""__isabs_False__qh_0.4__ql_0.6",0.0
287,"value__change_quantiles__f_agg_""mean""__isabs_False__qh_0.4__ql_0.8",0.0
362,"value__change_quantiles__f_agg_""var""__isabs_True__qh_0.4__ql_0.8",0.0
360,"value__change_quantiles__f_agg_""var""__isabs_True__qh_0.4__ql_0.4",0.0
297,"value__change_quantiles__f_agg_""mean""__isabs_False__qh_0.8__ql_0.8",0.0
291,"value__change_quantiles__f_agg_""mean""__isabs_False__qh_0.6__ql_0.6",0.0
357,"value__change_quantiles__f_agg_""var""__isabs_True__qh_0.2__ql_0.8",0.0
356,"value__change_quantiles__f_agg_""var""__isabs_True__qh_0.2__ql_0.6",0.0
355,"value__change_quantiles__f_agg_""var""__isabs_True__qh_0.2__ql_0.4",0.0
354,"value__change_quantiles__f_agg_""var""__isabs_True__qh_0.2__ql_0.2",0.0
292,"value__change_quantiles__f_agg_""mean""__isabs_False__qh_0.6__ql_0.8",0.0
501,"value__fft_coefficient__coeff_30__attr_""real""",0.0
502,"value__fft_coefficient__coeff_31__attr_""imag""",0.0
503,"value__fft_coefficient__coeff_31__attr_""real""",0.0
541,"value__fft_coefficient__coeff_49__attr_""real""",0.0
557,"value__fft_coefficient__coeff_56__attr_""real""",0.0
556,"value__fft_coefficient__coeff_56__attr_""imag""",0.0
555,"value__fft_coefficient__coeff_55__attr_""real""",0.0
554,"value__fft_coefficient__coeff_55__attr_""imag""",0.0
553,"value__fft_coefficient__coeff_54__attr_""real""",0.0
552,"value__fft_coefficient__coeff_54__attr_""imag""",0.0
551,"value__fft_coefficient__coeff_53__attr_""real""",0.0
550,"value__fft_coefficient__coeff_53__attr_""imag""",0.0
549,"value__fft_coefficient__coeff_52__attr_""real""",0.0
548,"value__fft_coefficient__coeff_52__attr_""imag""",0.0
547,"value__fft_coefficient__coeff_51__attr_""real""",0.0
546,"value__fft_coefficient__coeff_51__attr_""imag""",0.0
545,"value__fft_coefficient__coeff_50__attr_""real""",0.0
544,"value__fft_coefficient__coeff_50__attr_""imag""",0.0
211,"value__agg_linear_trend__f_agg_""max""__chunk_len_50__attr_""rvalue""",0.0
558,"value__fft_coefficient__coeff_57__attr_""imag""",0.0
559,"value__fft_coefficient__coeff_57__attr_""real""",0.0
560,"value__fft_coefficient__coeff_58__attr_""imag""",0.0
570,"value__fft_coefficient__coeff_62__attr_""imag""",0.0
576,"value__fft_coefficient__coeff_65__attr_""imag""",0.0
575,"value__fft_coefficient__coeff_64__attr_""real""",0.0
574,"value__fft_coefficient__coeff_64__attr_""imag""",0.0
573,"value__fft_coefficient__coeff_63__attr_""real""",0.0
572,"value__fft_coefficient__coeff_63__attr_""imag""",0.0
571,"value__fft_coefficient__coeff_62__attr_""real""",0.0
569,"value__fft_coefficient__coeff_61__attr_""real""",0.0
561,"value__fft_coefficient__coeff_58__attr_""real""",0.0
568,"value__fft_coefficient__coeff_61__attr_""imag""",0.0
567,"value__fft_coefficient__coeff_60__attr_""real""",0.0
566,"value__fft_coefficient__coeff_60__attr_""imag""",0.0
210,"value__agg_linear_trend__f_agg_""max""__chunk_len_50__attr_""intercept""",0.0
563,"value__fft_coefficient__coeff_59__attr_""real""",0.0
562,"value__fft_coefficient__coeff_59__attr_""imag""",0.0
212,"value__agg_linear_trend__f_agg_""max""__chunk_len_50__attr_""slope""",0.0
540,"value__fft_coefficient__coeff_49__attr_""imag""",0.0
504,"value__fft_coefficient__coeff_32__attr_""imag""",0.0
539,"value__fft_coefficient__coeff_48__attr_""real""",0.0
519,"value__fft_coefficient__coeff_39__attr_""real""",0.0
518,"value__fft_coefficient__coeff_39__attr_""imag""",0.0
517,"value__fft_coefficient__coeff_38__attr_""real""",0.0
516,"value__fft_coefficient__coeff_38__attr_""imag""",0.0
515,"value__fft_coefficient__coeff_37__attr_""real""",0.0
514,"value__fft_coefficient__coeff_37__attr_""imag""",0.0
513,"value__fft_coefficient__coeff_36__attr_""real""",0.0
512,"value__fft_coefficient__coeff_36__attr_""imag""",0.0
511,"value__fft_coefficient__coeff_35__attr_""real""",0.0
510,"value__fft_coefficient__coeff_35__attr_""imag""",0.0
509,"value__fft_coefficient__coeff_34__attr_""real""",0.0
508,"value__fft_coefficient__coeff_34__attr_""imag""",0.0
507,"value__fft_coefficient__coeff_33__attr_""real""",0.0
506,"value__fft_coefficient__coeff_33__attr_""imag""",0.0
505,"value__fft_coefficient__coeff_32__attr_""real""",0.0
213,"value__agg_linear_trend__f_agg_""max""__chunk_len_50__attr_""stderr""",0.0
317,"value__change_quantiles__f_agg_""mean""__isabs_True__qh_0.6__ql_0.8",0.0
523,"value__fft_coefficient__coeff_40__attr_""real""",0.0
532,"value__fft_coefficient__coeff_45__attr_""imag""",0.0
538,"value__fft_coefficient__coeff_48__attr_""imag""",0.0
537,"value__fft_coefficient__coeff_47__attr_""real""",0.0
536,"value__fft_coefficient__coeff_47__attr_""imag""",0.0
535,"value__fft_coefficient__coeff_46__attr_""real""",0.0
534,"value__fft_coefficient__coeff_46__attr_""imag""",0.0
533,"value__fft_coefficient__coeff_45__attr_""real""",0.0
531,"value__fft_coefficient__coeff_44__attr_""real""",0.0
524,"value__fft_coefficient__coeff_41__attr_""imag""",0.0
530,"value__fft_coefficient__coeff_44__attr_""imag""",0.0
529,"value__fft_coefficient__coeff_43__attr_""real""",0.0
528,"value__fft_coefficient__coeff_43__attr_""imag""",0.0
527,"value__fft_coefficient__coeff_42__attr_""real""",0.0
526,"value__fft_coefficient__coeff_42__attr_""imag""",0.0
525,"value__fft_coefficient__coeff_41__attr_""real""",0.0
522,"value__fft_coefficient__coeff_40__attr_""imag""",0.0
